{
  "model_name": "Gradient Boosting",
  "accuracy": 0.7143,
  "precision": 0.5581,
  "recall": 0.8889,
  "f1_score": 0.6857,
  "roc_auc": 0.8103,
  "confusion_matrix": [
    [
      62,
      38
    ],
    [
      6,
      48
    ]
  ],
  "threshold": 0.32,
  "feature_importance": {
    "Pregnancies": 0.03690578842917269,
    "Glucose": 0.12418295096163037,
    "BloodPressure": 0.03937269427061257,
    "SkinThickness": 0.06410855783549914,
    "Insulin": 0.07362728892075471,
    "BMI": 0.07927571428386722,
    "DiabetesPedigreeFunction": 0.05409371308434686,
    "Age": 0.06630090966900483,
    "Glucose_Risk": 0.06944852800686784,
    "BMI_Category": 0.07088924747894344,
    "Age_Group": 0.0592351063597201,
    "Glucose_BMI": 0.14289947584097257,
    "Insulin_Glucose": 0.0576418396564055,
    "Pedigree_Age": 0.06201818520220227
  },
  "r2_score": 0.2546,
  "report": {
    "0": {
      "precision": 0.9117647058823529,
      "recall": 0.62,
      "f1-score": 0.7380952380952381,
      "support": 100.0
    },
    "1": {
      "precision": 0.5581395348837209,
      "recall": 0.8888888888888888,
      "f1-score": 0.6857142857142857,
      "support": 54.0
    },
    "accuracy": 0.7142857142857143,
    "macro avg": {
      "precision": 0.7349521203830369,
      "recall": 0.7544444444444445,
      "f1-score": 0.7119047619047619,
      "support": 154.0
    },
    "weighted avg": {
      "precision": 0.787766269298417,
      "recall": 0.7142857142857143,
      "f1-score": 0.7197278911564625,
      "support": 154.0
    }
  }
}