{
  "model_name": "Logistic Regression",
  "accuracy": 0.7013,
  "roc_auc": 0.8116,
  "confusion_matrix": [
    [
      58,
      42
    ],
    [
      4,
      50
    ]
  ],
  "report": {
    "0": {
      "precision": 0.9354838709677419,
      "recall": 0.58,
      "f1-score": 0.7160493827160493,
      "support": 100.0
    },
    "1": {
      "precision": 0.5434782608695652,
      "recall": 0.9259259259259259,
      "f1-score": 0.684931506849315,
      "support": 54.0
    },
    "accuracy": 0.7012987012987013,
    "macro avg": {
      "precision": 0.7394810659186535,
      "recall": 0.752962962962963,
      "f1-score": 0.7004904447826822,
      "support": 154.0
    },
    "weighted avg": {
      "precision": 0.7980273583359137,
      "recall": 0.7012987012987013,
      "f1-score": 0.7051379197497919,
      "support": 154.0
    }
  },
  "feature_importance": {
    "Pregnancies": 0.24281782326276324,
    "Glucose": 0.5738755029352761,
    "BloodPressure": -0.0411839427711837,
    "SkinThickness": 0.00826355892149578,
    "Insulin": 0.19434134096049444,
    "BMI": 0.22330687130737928,
    "DiabetesPedigreeFunction": 0.15906542221913206,
    "Age": 0.17629628853713528,
    "Glucose_Risk": 0.2159612100186577,
    "BMI_Category": 0.16292697408669837,
    "Age_Group": 0.42941922104031793,
    "Glucose_BMI": 0.4892963761977196,
    "Insulin_Glucose": -0.019126942113320267,
    "Pedigree_Age": 0.15794332683544557
  },
  "roc_fpr": [
    0.0,
    0.0,
    0.0,
    0.02,
    0.02,
    0.04,
    0.04,
    0.05,
    0.05,
    0.07,
    0.07,
    0.08,
    0.08,
    0.09,
    0.09,
    0.1,
    0.1,
    0.13,
    0.13,
    0.17,
    0.17,
    0.18,
    0.18,
    0.21,
    0.21,
    0.22,
    0.22,
    0.25,
    0.25,
    0.27,
    0.27,
    0.28,
    0.28,
    0.36,
    0.36,
    0.39,
    0.39,
    0.42,
    0.42,
    0.44,
    0.44,
    0.46,
    0.46,
    0.48,
    0.48,
    0.82,
    0.82,
    0.97,
    0.97,
    1.0
  ],
  "roc_tpr": [
    0.0,
    0.018518518518518517,
    0.09259259259259259,
    0.09259259259259259,
    0.16666666666666666,
    0.16666666666666666,
    0.2037037037037037,
    0.2037037037037037,
    0.3333333333333333,
    0.3333333333333333,
    0.4074074074074074,
    0.4074074074074074,
    0.42592592592592593,
    0.42592592592592593,
    0.4444444444444444,
    0.4444444444444444,
    0.48148148148148145,
    0.48148148148148145,
    0.5370370370370371,
    0.5370370370370371,
    0.6111111111111112,
    0.6111111111111112,
    0.6481481481481481,
    0.6481481481481481,
    0.6666666666666666,
    0.6666666666666666,
    0.7037037037037037,
    0.7037037037037037,
    0.7592592592592593,
    0.7592592592592593,
    0.7777777777777778,
    0.7777777777777778,
    0.7962962962962963,
    0.7962962962962963,
    0.8518518518518519,
    0.8518518518518519,
    0.8888888888888888,
    0.8888888888888888,
    0.9074074074074074,
    0.9074074074074074,
    0.9259259259259259,
    0.9259259259259259,
    0.9444444444444444,
    0.9444444444444444,
    0.9629629629629629,
    0.9629629629629629,
    0.9814814814814815,
    0.9814814814814815,
    1.0,
    1.0
  ],
  "threshold": 0.2135,
  "features": [
    "Pregnancies",
    "Glucose",
    "BloodPressure",
    "SkinThickness",
    "Insulin",
    "BMI",
    "DiabetesPedigreeFunction",
    "Age"
  ],
  "improvements": [
    "KNN Imputation",
    "SMOTE",
    "Feature Engineering",
    "Polynomial Features",
    "Threshold Tuning"
  ],
  "recall": 0.9259,
  "precision": 0.5435,
  "f1_score": 0.6849,
  "r2_score": 0.2472
}