{
  "model_name": "Random Forest",
  "accuracy": 0.7273,
  "roc_auc": 0.8095,
  "confusion_matrix": [
    [
      65,
      35
    ],
    [
      7,
      47
    ]
  ],
  "report": {
    "0": {
      "precision": 0.9027777777777778,
      "recall": 0.65,
      "f1-score": 0.7558139534883721,
      "support": 100.0
    },
    "1": {
      "precision": 0.573170731707317,
      "recall": 0.8703703703703703,
      "f1-score": 0.6911764705882353,
      "support": 54.0
    },
    "accuracy": 0.7272727272727273,
    "macro avg": {
      "precision": 0.7379742547425474,
      "recall": 0.7601851851851852,
      "f1-score": 0.7234952120383037,
      "support": 154.0
    },
    "weighted avg": {
      "precision": 0.7872012811037202,
      "recall": 0.7272727272727273,
      "f1-score": 0.7331488620818306,
      "support": 154.0
    }
  },
  "feature_importance": {
    "Pregnancies": 0.042579985388875266,
    "Glucose": 0.1241925798031237,
    "BloodPressure": 0.048387865259978693,
    "SkinThickness": 0.06411254141367011,
    "Insulin": 0.08094158353557726,
    "BMI": 0.08036643847532536,
    "DiabetesPedigreeFunction": 0.051995219237067715,
    "Age": 0.06454807714358952,
    "Glucose_Risk": 0.0650153635635029,
    "BMI_Category": 0.040917552010373545,
    "Age_Group": 0.048362859542633814,
    "Glucose_BMI": 0.16916723280248896,
    "Insulin_Glucose": 0.05818648424703273,
    "Pedigree_Age": 0.06122621757676046
  },
  "best_params": {
    "n_estimators": "200",
    "min_samples_split": "4",
    "min_samples_leaf": "1",
    "max_features": "log2",
    "max_depth": "30",
    "class_weight": "balanced",
    "bootstrap": "True"
  },
  "roc_fpr": [
    0.0,
    0.0,
    0.0,
    0.01,
    0.01,
    0.02,
    0.02,
    0.03,
    0.03,
    0.04,
    0.04,
    0.05,
    0.05,
    0.1,
    0.1,
    0.11,
    0.11,
    0.12,
    0.12,
    0.13,
    0.13,
    0.15,
    0.15,
    0.2,
    0.2,
    0.21,
    0.21,
    0.24,
    0.24,
    0.28,
    0.28,
    0.3,
    0.3,
    0.31,
    0.31,
    0.32,
    0.32,
    0.33,
    0.33,
    0.44,
    0.44,
    0.45,
    0.45,
    0.52,
    0.52,
    0.6,
    0.6,
    0.82,
    0.82,
    1.0
  ],
  "roc_tpr": [
    0.0,
    0.018518518518518517,
    0.12962962962962962,
    0.12962962962962962,
    0.2037037037037037,
    0.2037037037037037,
    0.25925925925925924,
    0.25925925925925924,
    0.2777777777777778,
    0.2777777777777778,
    0.3148148148148148,
    0.3148148148148148,
    0.4074074074074074,
    0.4074074074074074,
    0.42592592592592593,
    0.42592592592592593,
    0.46296296296296297,
    0.46296296296296297,
    0.48148148148148145,
    0.48148148148148145,
    0.5,
    0.5,
    0.5185185185185185,
    0.5185185185185185,
    0.6111111111111112,
    0.6111111111111112,
    0.6666666666666666,
    0.6666666666666666,
    0.7592592592592593,
    0.7592592592592593,
    0.7777777777777778,
    0.7777777777777778,
    0.8148148148148148,
    0.8148148148148148,
    0.8333333333333334,
    0.8333333333333334,
    0.8518518518518519,
    0.8518518518518519,
    0.9074074074074074,
    0.9074074074074074,
    0.9259259259259259,
    0.9259259259259259,
    0.9444444444444444,
    0.9444444444444444,
    0.9629629629629629,
    0.9629629629629629,
    0.9814814814814815,
    0.9814814814814815,
    1.0,
    1.0
  ],
  "threshold": 0.3486,
  "features": [
    "Pregnancies",
    "Glucose",
    "BloodPressure",
    "SkinThickness",
    "Insulin",
    "BMI",
    "DiabetesPedigreeFunction",
    "Age"
  ],
  "improvements": [
    "KNN Imputation",
    "SMOTE",
    "Feature Engineering",
    "RandomizedSearchCV",
    "Gradient Boosting Ensemble",
    "Threshold Tuning"
  ],
  "recall": 0.8704,
  "precision": 0.5732,
  "f1_score": 0.6912,
  "r2_score": 0.2672
}