{
  "model_name": "Support Vector Machine",
  "accuracy": 0.5519,
  "precision": 0.438,
  "recall": 0.9815,
  "f1_score": 0.6057,
  "roc_auc": 0.736,
  "confusion_matrix": [
    [
      32,
      68
    ],
    [
      1,
      53
    ]
  ],
  "threshold": 0.1443,
  "r2_score": 0.1297,
  "report": {
    "0": {
      "precision": 0.9696969696969697,
      "recall": 0.32,
      "f1-score": 0.48120300751879697,
      "support": 100.0
    },
    "1": {
      "precision": 0.4380165289256198,
      "recall": 0.9814814814814815,
      "f1-score": 0.6057142857142858,
      "support": 54.0
    },
    "accuracy": 0.551948051948052,
    "macro avg": {
      "precision": 0.7038567493112948,
      "recall": 0.6507407407407407,
      "f1-score": 0.5434586466165414,
      "support": 154.0
    },
    "weighted avg": {
      "precision": 0.7832635683875353,
      "recall": 0.551948051948052,
      "f1-score": 0.5248628063665658,
      "support": 154.0
    }
  }
}